-3.6094894769589945e+00,2.1521776014665424e+00
-3.3524401256977061e+00,6.5561643179965516e+00
-3.0814706740074973e+00,9.8583079124485877e+00
-2.7923831607082445e+00,2.4353501259431036e+00
-2.4800503460330408e+00,-4.0985211395853298e+00
-2.4454172106628693e+00,-3.8573854249875010e+00
-2.4091055494072058e+00,-3.4669295504030821e+00
-2.3855638682427309e+00,-3.1628025157315189e+00
-2.3392092506051774e+00,-2.5113198606528409e+00
-2.3349498730278651e+00,-2.4508443293325826e+00
-2.2985445345746025e+00,-1.9507986928971150e+00
-2.2878946363664951e+00,-1.8138588765732659e+00
-2.2422943616764943e+00,-1.3024013373608401e+00
-2.2205141402167392e+00,-1.1098404666975017e+00
-2.2172807315716851e+00,-1.0843921681684385e+00
-2.1805217779139472e+00,-8.5346298448538649e-01
-2.1593305209312401e+00,-7.6825955177337479e-01
-2.1332854552542204e+00,-7.0788263127438589e-01
-2.1122497119484946e+00,-6.9074493504344947e-01
-2.0686203027734202e+00,-7.2526739794176664e-01
-2.0445729394391035e+00,-7.7197277094704175e-01
-2.0339492061954965e+00,-7.9627615759651693e-01
-2.0159443983925769e+00,-8.4027482907743600e-01
-1.9924164534781192e+00,-8.9912468157845182e-01
-1.9765024611848712e+00,-9.3732411894876599e-01
-1.9209199892052371e+00,-1.0419027483109660e+00
-1.9112256847171514e+00,-1.0540262440671457e+00
-1.8939239335296900e+00,-1.0707366844614215e+00
-1.8876507800030036e+00,-1.0752633695424527e+00
-1.8754408631244659e+00,-1.0818428523699699e+00
-1.8547208303520004e+00,-1.0868410815010412e+00
-1.8500610431979592e+00,-1.0870177687684202e+00
-1.8444598071561837e+00,-1.0868271651311172e+00
-1.8410618379344965e+00,-1.0865119876476133e+00
-1.8323523186423003e+00,-1.0850858076530938e+00
-1.8266715215767559e+00,-1.0837329559866899e+00
-1.7995757379269104e+00,-1.0742082540949847e+00
-1.7989459237207166e+00,-1.0739512875711654e+00
-1.7961493028857118e+00,-1.0728033238836652e+00
-1.7685497989427552e+00,-1.0619701768637144e+00
-1.7079691979355831e+00,-1.0595334068944444e+00
-1.6739964986350100e+00,-1.0812491677276543e+00
-1.6704295692058586e+00,-1.0846399693018016e+00
-1.6676676824049790e+00,-1.0874089305783525e+00
-1.6672258564497791e+00,-1.0878634302011760e+00
-1.6656942385359459e+00,-1.0894635006540077e+00
-1.6621538474983961e+00,-1.0933067924648470e+00
-1.6499244517121270e+00,-1.1080948999257114e+00
-1.6423393200914780e+00,-1.1183908830340659e+00
-1.6311508949214386e+00,-1.1350187732121693e+00
-1.5991797052559920e+00,-1.1901042054901321e+00
-1.5761816145627725e+00,-1.2338249922472535e+00
-1.5732726782124684e+00,-1.2394290375817929e+00
-1.5682716175482627e+00,-1.2490507367274801e+00
-1.5343301972486123e+00,-1.3115152957201555e+00
-1.5235848441938311e+00,-1.3292276723042309e+00
-1.5230088746816102e+00,-1.3301366301409254e+00
-1.5154171094474473e+00,-1.3416858537998142e+00
-1.4986843070299525e+00,-1.3639251482660315e+00
-1.4935883283418914e+00,-1.3697027185478605e+00
-1.4897299740873744e+00,-1.3737388175751228e+00
-1.4872003947658823e+00,-1.3762210769008840e+00
-1.4817198545357888e+00,-1.3811390387469069e+00
-1.4783481629997008e+00,-1.3838426503881534e+00
-1.4682670446089616e+00,-1.3903997441085778e+00
-1.4656722711350594e+00,-1.3917054684252912e+00
-1.4646171908245136e+00,-1.3921905977544560e+00
-1.4531047998688256e+00,-1.3957252209612887e+00
-1.4490425987975106e+00,-1.3961875815751312e+00
-1.4173246930791843e+00,-1.3852466553660336e+00
-1.4146282296671353e+00,-1.3831184406041457e+00
-1.4124819285490677e+00,-1.3812913909091358e+00
-1.4023618062522689e+00,-1.3711042504386748e+00
-1.4008884932594940e+00,-1.3694074442380157e+00
-1.3990000291495517e+00,-1.3671541879346529e+00
-1.3915902285947790e+00,-1.3574746467229202e+00
-1.3748205736301498e+00,-1.3308335882214497e+00
-1.3725572876093044e+00,-1.3267602059799894e+00
-1.3477431002692517e+00,-1.2754556717692256e+00
-1.3444436996555931e+00,-1.2678063147920706e+00
-1.3418978213691304e+00,-1.2617868874310689e+00
-1.3232333509817105e+00,-1.2149111579105101e+00
-1.3188474398829699e+00,-1.2032969365856323e+00
-1.3149145218105920e+00,-1.1927244601100215e+00
-1.3132188256518702e+00,-1.1881240514497624e+00
-1.3121663028217130e+00,-1.1852566422580708e+00
-1.3117158059899987e+00,-1.1840266451158197e+00
-1.2958173517246148e+00,-1.1397757887760589e+00
-1.2933350951168536e+00,-1.1327557129678620e+00
-1.2850101888624459e+00,-1.1090963302286281e+00
-1.2840686968599648e+00,-1.1064137882550920e+00
-1.2743956150783438e+00,-1.0788552981273731e+00
-1.2724268217254282e+00,-1.0732589328053019e+00
-1.2694181994923159e+00,-1.0647242570397770e+00
-1.2639243160788689e+00,-1.0492139872874211e+00
-1.2544246866616180e+00,-1.0227246408774826e+00
-1.2411974341204695e+00,-9.8686438555636724e-01
-1.2189336037710599e+00,-9.3045351366054918e-01
-1.2118547524449714e+00,-9.1383395595655337e-01
-1.2040894047638913e+00,-8.9644953285400353e-01
-1.1956233928123119e+00,-8.7857940302569459e-01
-1.1947146875866010e+00,-8.7673142060505738e-01
-1.1903698281387662e+00,-8.6808912943289396e-01
-1.1884063097469499e+00,-8.6429007162862104e-01
-1.1880674821642392e+00,-8.6364129288647618e-01
-1.1870775167402019e+00,-8.6175724991382874e-01
-1.1763502518325217e+00,-8.4246285063968573e-01
-1.1750927793150243e+00,-8.4033790010659071e-01
-1.1638179167198122e+00,-8.2259852541468326e-01
-1.1598178570070869e+00,-8.1687958768014246e-01
-1.1584603990032989e+00,-8.1500775726160812e-01
-1.1582210647579563e+00,-8.1468136258063428e-01
-1.1573112666551013e+00,-8.1345054853891563e-01
-1.1515761796444277e+00,-8.0605425656248320e-01
-1.1449039223762987e+00,-7.9823628847269879e-01
-1.1417536922481597e+00,-7.9483832804162369e-01
-1.1415370228644988e+00,-7.9461150624253141e-01
-1.1409727257921745e+00,-7.9402492013954540e-01
-1.1381164667853678e+00,-7.9114769822257769e-01
-1.1340250989039575e+00,-7.8729224614393700e-01
-1.1293713016055811e+00,-7.8328410832486184e-01
-1.1291484112855730e+00,-7.8310213614651214e-01
-1.1285950520886905e+00,-7.8265429031837619e-01
-1.1245468217832990e+00,-7.7954738539630908e-01
-1.1243005588694153e+00,-7.7936794858016123e-01
-1.1176418248409443e+00,-7.7492596130557800e-01
-1.1111914500248921e+00,-7.7136161956046589e-01
-1.1108214072806688e+00,-7.7117869458535648e-01
-1.0976891583781652e+00,-7.6614211932738885e-01
-1.0937689631694816e+00,-7.6516563613497446e-01
-1.0933904309767783e+00,-7.6508361361143407e-01
-1.0920521111856289e+00,-7.6481066586525515e-01
-1.0760227971042469e+00,-7.6349595497940603e-01
-1.0705879894601482e+00,-7.6380588483733336e-01
-1.0648819944936074e+00,-7.6449949246197513e-01
-1.0639675904964505e+00,-7.6464377654372195e-01
-1.0565444230636043e+00,-7.6613014355341991e-01
-1.0509049956057273e+00,-7.6760567876452279e-01
-1.0488704996367433e+00,-7.6820473382785492e-01
-1.0469702717360374e+00,-7.6879416192618844e-01
-1.0451460722214609e+00,-7.6938605402842863e-01
-1.0362695292522581e+00,-7.7259553022785710e-01
-1.0240790333912195e+00,-7.7772138012620418e-01
-1.0175135659044812e+00,-7.8072646321948003e-01
-1.0103316926631050e+00,-7.8413499268279552e-01
-1.0070614789365848e+00,-7.8571230783956125e-01
-1.0051724180479358e+00,-7.8662724381898830e-01
-1.0029990309963681e+00,-7.8768150530563663e-01
-9.9907154102492735e-01,-7.8958571907260033e-01
-9.9794171308580260e-01,-7.9013215192260955e-01
-9.8973590404570244e-01,-7.9405524401987870e-01
-9.8839746570597742e-01,-7.9468392376964681e-01
-9.7159268764111884e-01,-8.0210599439288088e-01
-9.6399603125865274e-01,-8.0506093408300161e-01
-9.5969384786873846e-01,-8.0659108841348570e-01
-9.5737601431704245e-01,-8.0736801822051452e-01
-9.5696049216215429e-01,-8.0750362934753739e-01
-9.5255095344869289e-01,-8.0887108238691197e-01
-9.4104156925614957e-01,-8.1176953032780774e-01
-9.4023215277624117e-01,-8.1193405343372482e-01
-9.3868514952043780e-01,-8.1223333377419871e-01
-9.3692139186883883e-01,-8.1254990130094240e-01
-9.3533978914158600e-01,-8.1281107421884435e-01
-9.2576068018151192e-01,-8.1391583929999189e-01
-9.2255791511661311e-01,-8.1409537586942871e-01
-9.0376850862616076e-01,-8.1310307394671300e-01
-9.0356685860272012e-01,-8.1307281113641494e-01
-9.0176827442527141e-01,-8.1278400792486294e-01
-9.0087839405473769e-01,-8.1262853182495254e-01
-8.9728114070635445e-01,-8.1191470005598854e-01
-8.9504255488745532e-01,-8.1140110207341010e-01
-8.9389312673093524e-01,-8.1111662614293156e-01
-8.9142541996880320e-01,-8.1045816976292218e-01
-8.8460869130191577e-01,-8.0829992500011727e-01
-8.8128738641275084e-01,-8.0706755501845007e-01
-8.8096699515901356e-01,-8.0694241083059393e-01
-8.7895454513743276e-01,-8.0613117719264116e-01
-8.7120275903030675e-01,-8.0260189154261585e-01
-8.6711842236196623e-01,-8.0048580625948151e-01
-8.6698577056795190e-01,-8.0041413471523482e-01
-8.5763989146235919e-01,-7.9490393121535674e-01
-8.5019032439778586e-01,-7.8987368894139931e-01
-8.4601665147924954e-01,-7.8681521558414835e-01
-8.4194784112885523e-01,-7.8367186092827934e-01
-8.3725459366376986e-01,-7.7985271057423466e-01
-8.2706974487048524e-01,-7.7088154102720441e-01
-8.2114599864424942e-01,-7.6525575546982072e-01
-8.1740635844735954e-01,-7.6155841501319232e-01
-8.1719223229507321e-01,-7.6134340198299588e-01
-8.1587696832715184e-01,-7.6001496737432794e-01
-8.0598595615264468e-01,-7.4961647906888873e-01
-8.0558011221246151e-01,-7.4917508515407905e-01
-8.0450424516082886e-01,-7.4799961541110094e-01
-7.9708167944975084e-01,-7.3968586071682063e-01
-7.9051311138748948e-01,-7.3205189640363222e-01
-7.8826437212700806e-01,-7.2938356237068047e-01
-7.8792133991042979e-01,-7.2897418800967062e-01
-7.8437561833926139e-01,-7.2470781104669857e-01
-7.8225497553955170e-01,-7.2212684421833828e-01
-7.8108698526018727e-01,-7.2069635856260272e-01
-7.8037105452217459e-01,-7.1981646611139627e-01
-7.7966973748942503e-01,-7.1895231718283104e-01
-7.7705433856786954e-01,-7.1571087251421439e-01
-7.7169910584803181e-01,-7.0898703528857576e-01
-7.7062931966230430e-01,-7.0763085795762737e-01
-7.6745629757927603e-01,-7.0358496592597564e-01
-7.6540108441203325e-01,-7.0094674447850980e-01
-7.6295297945822649e-01,-6.9778740335482525e-01
-7.6192499521482782e-01,-6.9645563428326696e-01
-7.5620374537908841e-01,-6.8899374339698261e-01
-7.5374784480912538e-01,-6.8576753981890082e-01
-7.5343459904112731e-01,-6.8535515760169274e-01
-7.5046234549183666e-01,-6.8143312358156538e-01
-7.5039075451226067e-01,-6.8133846342242943e-01
-7.4590464119307354e-01,-6.7539102464311862e-01
-7.3597344890480820e-01,-6.6214526789063022e-01
-7.3532041685774729e-01,-6.6127195912980630e-01
-7.3176443833896931e-01,-6.5651446927614354e-01
-7.3175402777424436e-01,-6.5650053830240762e-01
-7.3074480709795253e-01,-6.5515002627568797e-01
-7.2979906297786146e-01,-6.5388448126807286e-01
-7.2879263141717143e-01,-6.5253783275302535e-01
-7.1800258944815132e-01,-6.3812869296990216e-01
-7.1746734901180476e-01,-6.3741625032613514e-01
-7.1475835482085504e-01,-6.3381531146691439e-01
-7.1401770599252401e-01,-6.3283235724208720e-01
-7.1329937874780802e-01,-6.3187971808152565e-01
-7.0488330786840792e-01,-6.2077798230219527e-01
-7.0426421127124494e-01,-6.1996628351612904e-01
-7.0375333505806303e-01,-6.1929704571152200e-01
-7.0316839976380585e-01,-6.1853144016207040e-01
-6.9771636669104542e-01,-6.1143099149263247e-01
-6.9295894488077314e-01,-6.0529302237525417e-01
-6.8913806373993436e-01,-6.0040690178832079e-01
-6.8853175267274125e-01,-5.9963534920062511e-01
-6.8399882919373434e-01,-5.9390181759597782e-01
-6.7348301795939181e-01,-5.8085725176997283e-01
-6.7158997251582131e-01,-5.7855007464917774e-01
-6.7069135719694117e-01,-5.7745949468663182e-01
-6.6874938498984604e-01,-5.7511300196913306e-01
-6.6679350125546344e-01,-5.7276420149427643e-01
-6.6071670628854617e-01,-5.6556232343112789e-01
-6.6003814297144592e-01,-5.6476733088411013e-01
-6.5889216260111683e-01,-5.6342900300141963e-01
-6.5593763533348814e-01,-5.6000365617607628e-01
-6.5135075321941382e-01,-5.5475877382997896e-01
-6.4992940910559149e-01,-5.5315185196184191e-01
-6.4939838608383449e-01,-5.5255374490843667e-01
-6.4586204067340247e-01,-5.4860212339473369e-01
-6.4088877426561186e-01,-5.4313858872753173e-01
-6.3962342082526757e-01,-5.4176618875654492e-01
-6.3425863637430901e-01,-5.3602816943150711e-01
-6.3104296154585959e-01,-5.3265176887225929e-01
-6.3028866216145185e-01,-5.3186664224587232e-01
-6.2993688218919885e-01,-5.3150138039198702e-01
-6.2951197572037720e-01,-5.3106094889910838e-01
-6.1756475095240293e-01,-5.1901823775329636e-01
-6.1420722040574161e-01,-5.1575241070698519e-01
-6.1304262107708907e-01,-5.1463172315246619e-01
-6.1270006555090040e-01,-5.1430326773673884e-01
-6.0952724346139420e-01,-5.1128655807588830e-01
-6.0855438516201676e-01,-5.1037076788065050e-01
-6.0313126196250511e-01,-5.0534434548839502e-01
-6.0195258133847318e-01,-5.0426939903569556e-01
-5.9947319711503699e-01,-5.0202845508752181e-01
-5.9859231153345882e-01,-5.0123885387845890e-01
-5.9194960545305486e-01,-4.9539409496065512e-01
-5.9054172038143959e-01,-4.9417987963395182e-01
-5.8978661379707609e-01,-4.9353213762023512e-01
-5.8894964922504756e-01,-4.9281701158089203e-01
-5.8161387120363872e-01,-4.8667472295232123e-01
-5.7396969782920437e-01,-4.8050694064826749e-01
-5.7259125150153201e-01,-4.7941913142552556e-01
-5.7191326868702386e-01,-4.7888677092667670e-01
-5.6980215318608007e-01,-4.7724027096288235e-01
-5.6881661863491639e-01,-4.7647736890224685e-01
-5.6531614683718856e-01,-4.7379665094217133e-01
-5.6401285773046916e-01,-4.7280994672389837e-01
-5.6348039230722924e-01,-4.7240857270508435e-01
-5.6342619523710558e-01,-4.7236777535285207e-01
-5.5852516007153907e-01,-4.6872097782071243e-01
-5.5845962709597752e-01,-4.6867277629252618e-01
-5.5837470249306598e-01,-4.6861033334041780e-01
-5.5654982370855288e-01,-4.6727441391850261e-01
-5.5547719186485967e-01,-4.6649436602422972e-01
-5.5117725088897318e-01,-4.6340490485431451e-01
-5.4986882572392903e-01,-4.6247646839670803e-01
-5.4748891460883065e-01,-4.6080125230897523e-01
-5.4146403332052673e-01,-4.5663544888072793e-01
-5.3443757118964019e-01,-4.5190448655588500e-01
-5.3426527463752849e-01,-4.5179009888600785e-01
-5.3027091065754051e-01,-4.4915881924590506e-01
-5.2545840726676463e-01,-4.4603856611084886e-01
-5.2420529535812965e-01,-4.4523456680737128e-01
-5.2346553105954419e-01,-4.4476151152430921e-01
-5.2208309376275719e-01,-4.4388056602388132e-01
-5.2198782552247169e-01,-4.4382000299206320e-01
-5.1904297350790884e-01,-4.4195693830583793e-01
-5.1862475628666216e-01,-4.4169373690096420e-01
-5.1778442567593941e-01,-4.4116589424613645e-01
-5.1675337418513956e-01,-4.4052007097621643e-01
-5.1590177600208276e-01,-4.3998813508506179e-01
-5.1399671129744096e-01,-4.3880289781925891e-01
-5.1176217108699684e-01,-4.3742070774137493e-01
-5.0991686335836439e-01,-4.3628552584481184e-01
-5.0974865697354799e-01,-4.3618232177809030e-01
-5.0432723112532574e-01,-4.3287883990295950e-01
-5.0431361589596435e-01,-4.3287059685451246e-01
-5.0337744420070041e-01,-4.3230441272577813e-01
-4.9711812461879040e-01,-4.2854735848754322e-01
-4.9293524029391078e-01,-4.2606117127371879e-01
-4.8725318553616248e-01,-4.2270979624121280e-01
-4.8557367999612849e-01,-4.2172403404165321e-01
-4.8392302251589081e-01,-4.2075705835970351e-01
-4.8248463719055157e-01,-4.1991580809688084e-01
-4.8225240048501217e-01,-4.1978009506669917e-01
-4.8138994192399637e-01,-4.1927635656772511e-01
-4.8089794867532404e-01,-4.1898917374235323e-01
-4.8010243843087597e-01,-4.1852508316145581e-01
-4.7954315013333065e-01,-4.1819898506584041e-01
-4.7581592964724723e-01,-4.1602920229548140e-01
-4.7459030903223420e-01,-4.1531681743638565e-01
-4.6966803603718243e-01,-4.1245960638912049e-01
-4.6248703236659361e-01,-4.0829599047529391e-01
-4.5769157274489763e-01,-4.0551355133233308e-01
-4.5269440024347024e-01,-4.0260821090530241e-01
-4.5234902417093109e-01,-4.0240709893942850e-01
-4.5156547064557023e-01,-4.0195066202795993e-01
-4.4508374650835603e-01,-3.9816397679599441e-01
-4.4096777956402833e-01,-3.9574706197324738e-01
-4.3433118706195178e-01,-3.9182469155242022e-01
-4.2821660845989329e-01,-3.8817802429806636e-01
-4.2662823671641092e-01,-3.8722494232771321e-01
-4.2294311949814872e-01,-3.8500376948837245e-01
-4.2236357537899388e-01,-3.8465313916989230e-01
-4.2124861434124355e-01,-3.8397753830379761e-01
-4.2085722260559127e-01,-3.8374005024940044e-01
-4.1636608329454805e-01,-3.8100233727284882e-01
-4.1437478293949104e-01,-3.7978080879586007e-01
-4.1317197294088698e-01,-3.7904059974555859e-01
-4.1242149279990648e-01,-3.7857783585511390e-01
-4.0551579337250226e-01,-3.7428527923872618e-01
-4.0236379800682970e-01,-3.7230459099540414e-01
-3.9635965802212209e-01,-3.6849254372670687e-01
-3.9063472153357226e-01,-3.6480808016637750e-01
-3.9058296317212093e-01,-3.6477454203623388e-01
-3.9016003459077270e-01,-3.6450034038447693e-01
-3.8880889564736781e-01,-3.6362248937995922e-01
-3.8628407864015579e-01,-3.6197445892092933e-01
-3.8414530978256839e-01,-3.6057055870308635e-01
-3.8324033334912433e-01,-3.5997433764627446e-01
-3.8025131564849290e-01,-3.5799576347036932e-01
-3.7605302823696068e-01,-3.5519225460231990e-01
-3.7591024354503288e-01,-3.5509639967899403e-01
-3.7582241550853096e-01,-3.5503742188253090e-01
-3.6767670467160596e-01,-3.4951192532302711e-01
-3.6699423064403408e-01,-3.4904395713485709e-01
-3.4252016366992649e-01,-3.3174257215706404e-01
-3.4067758614700011e-01,-3.3039912484622325e-01
-3.3945161020607750e-01,-3.2950210874929997e-01
-3.3829435382087358e-01,-3.2865307670331245e-01
-3.3660225932181620e-01,-3.2740765285386569e-01
-3.3600485024613802e-01,-3.2696681213838991e-01
-3.3515189249381783e-01,-3.2633637475986943e-01
-3.3473655618279818e-01,-3.2602895738514287e-01
-3.2940758323441066e-01,-3.2205953961512696e-01
-3.2808367675070316e-01,-3.2106622290177445e-01
-3.2641797806274159e-01,-3.1981244278150078e-01
-3.2611957596394386e-01,-3.1958736249411679e-01
-3.2345595024592100e-01,-3.1757192042194937e-01
-3.2335952977355858e-01,-3.1749875155439922e-01
-3.1755984527437492e-01,-3.1307070548993099e-01
-3.1503809685912176e-01,-3.1112901976794327e-01
-3.1107728064183338e-01,-3.0805966950253694e-01
-3.1104494621764162e-01,-3.0803451496335876e-01
-3.0893969370113605e-01,-3.0639337369550745e-01
-3.0741104412976133e-01,-3.0519759282013798e-01
-3.0178320305090450e-01,-3.0076581590071866e-01
-2.9459519278337482e-01,-2.9504007295683293e-01
-2.9405449433043107e-01,-2.9460648820577795e-01
-2.9309063277621711e-01,-2.9383258949500690e-01
-2.9131277046994064e-01,-2.9240184852557166e-01
-2.8555247011938556e-01,-2.8773770322488440e-01
-2.8301795122270068e-01,-2.8567203134697416e-01
-2.7974410277710099e-01,-2.8299199386870999e-01
-2.7425800109990400e-01,-2.7847207922063166e-01
-2.7135178832893952e-01,-2.7606353827841529e-01
-2.6662695517929980e-01,-2.7212772277680952e-01
-2.6517016591096121e-01,-2.7090934036921843e-01
-2.6210759162396752e-01,-2.6834071442710478e-01
-2.6186821265810878e-01,-2.6813953664704931e-01
-2.6162915762231698e-01,-2.6793857304209739e-01
-2.6009524944240703e-01,-2.6664770709599678e-01
-2.5884433747751195e-01,-2.6559325833283609e-01
-2.5291095162956945e-01,-2.6057114646726048e-01
-2.5260186715711835e-01,-2.6030862683625011e-01
-2.5254865807629862e-01,-2.6026342505287275e-01
-2.5222681591164042e-01,-2.5998996101035471e-01
-2.4940647057310258e-01,-2.5758956574923192e-01
-2.4624967330324810e-01,-2.5489453061034323e-01
-2.4040238839676470e-01,-2.4988058148843120e-01
-2.3198866365464013e-01,-2.4261966352530184e-01
-2.3175870633742707e-01,-2.4242049899236767e-01
-2.2965684272894576e-01,-2.4059841817447042e-01
-2.2377429607126675e-01,-2.3548358827770219e-01
-2.2143790102065541e-01,-2.3344619106612882e-01
-2.2114329350973017e-01,-2.3318905803015449e-01
-2.2052757467697834e-01,-2.3265149787698300e-01
-2.1552210013454634e-01,-2.2827358493916663e-01
-2.1424342678850297e-01,-2.2715308177834279e-01
-2.1311912714502487e-01,-2.2616716874273837e-01
-2.1086626857537588e-01,-2.2418972780589816e-01
-2.0429725105179292e-01,-2.1841038865557172e-01
-2.0336049010000712e-01,-2.1758471925484474e-01
-2.0013508019018333e-01,-2.1473913340297615e-01
-1.9981666832657627e-01,-2.1445800008877416e-01
-1.9878740594590907e-01,-2.1354898095597893e-01
-1.9822482197811306e-01,-2.1305195647342937e-01
-1.9802158531992020e-01,-2.1287237533086478e-01
-1.9606669759938453e-01,-2.1114427840946343e-01
-1.9475056665483489e-01,-2.0998009397266021e-01
-1.9440528008786576e-01,-2.0967457450819654e-01
-1.9256195660049652e-01,-2.0804289637113191e-01
-1.8646061526176211e-01,-2.0263478299187213e-01
-1.8572883875845850e-01,-2.0198545347654495e-01
-1.8401883820024045e-01,-2.0046757771585941e-01
-1.8242134606958946e-01,-1.9904891840980554e-01
-1.8146630713714920e-01,-1.9820050446515153e-01
-1.8142922243152299e-01,-1.9816755597887226e-01
-1.8031578267582085e-01,-1.9717815498472693e-01
-1.7986270509278746e-01,-1.9677547256816783e-01
-1.7629588024768222e-01,-1.9360388326413561e-01
-1.7624602961594182e-01,-1.9355953865899891e-01
-1.7324564704511811e-01,-1.9088969764741173e-01
-1.7126065540466451e-01,-1.8912252606774796e-01
-1.7121173877297757e-01,-1.8907896912059793e-01
-1.7057977834654897e-01,-1.8851621727651713e-01
-1.6885899337353685e-01,-1.8698357371649751e-01
-1.6617736299145799e-01,-1.8459429762513979e-01
-1.6572883266539684e-01,-1.8419457314776533e-01
-1.6345092697928057e-01,-1.8216415185792562e-01
-1.6045476873027836e-01,-1.7949262514194933e-01
-1.5841608811829583e-01,-1.7767432303940134e-01
-1.5825723215220519e-01,-1.7753262323242913e-01
-1.5683107442386293e-01,-1.7626039259551940e-01
-1.5417349310627876e-01,-1.7388922228009210e-01
-1.5269342548214929e-01,-1.7256844904848581e-01
-1.5261701621252963e-01,-1.7250025968697097e-01
-1.5253018040103641e-01,-1.7242276488039984e-01
-1.5072143253957337e-01,-1.7080848622146422e-01
-1.4689963852189936e-01,-1.6739704480968676e-01
-1.4073786255437887e-01,-1.6189573236913316e-01
-1.4037909134792476e-01,-1.6157538687255865e-01
-1.3517177048045134e-01,-1.5692557537044549e-01
-1.3392880151807671e-01,-1.5581564510983567e-01
-1.3337884632628635e-01,-1.5532455148082358e-01
-1.3313556846962418e-01,-1.5510731116423285e-01
-1.3215466080755497e-01,-1.5423138745235332e-01
-1.3079940715448143e-01,-1.5302118296023431e-01
-1.2909235371835404e-01,-1.5149683641119946e-01
-1.2651160938135619e-01,-1.4919233779287899e-01
-1.2311212061367888e-01,-1.4615681432660127e-01
-1.2298845044928770e-01,-1.4604638701881478e-01
-1.2026958691673104e-01,-1.4361870735200510e-01
-1.2014817580917247e-01,-1.4351030124146508e-01
-1.1703364444996162e-01,-1.4072944030435885e-01
-1.1356884771006415e-01,-1.3763597488163662e-01
-1.1351245688964022e-01,-1.3758562884636583e-01
-1.1226051680600614e-01,-1.3646789587380684e-01
-1.1101126018351101e-01,-1.3535257421780406e-01
-1.1092779861823979e-01,-1.3527806115976548e-01
-1.0932177342100810e-01,-1.3384424172556625e-01
-1.0778027480529970e-01,-1.3246804730839687e-01
-1.0539923151617199e-01,-1.3034235937164573e-01
-1.0338173848109634e-01,-1.2854124074463100e-01
-9.7029106455820552e-02,-1.2286978723052473e-01
-9.6382268196589085e-02,-1.2229228089529938e-01
-9.2246840461151711e-02,-1.1859989514711970e-01
-8.6596454873417203e-02,-1.1355393217727704e-01
-8.5354242321180704e-02,-1.1244439911576910e-01
-8.5208179616541882e-02,-1.1231393160634352e-01
-8.0145635207266655e-02,-1.0779105175961345e-01
-7.7669420163776051e-02,-1.0557807582308115e-01
-7.6468644999393973e-02,-1.0450474858672824e-01
-7.6224574121643282e-02,-1.0428656541149352e-01
-7.2744795115063043e-02,-1.0117517535112666e-01
-5.9301102503908819e-02,-8.9138479783099481e-02
-5.8065806315526498e-02,-8.8030809972784979e-02
-5.5883879867491833e-02,-8.6073478327454378e-02
-5.1533082349932174e-02,-8.2167056134914554e-02
-4.6876933405620415e-02,-7.7980703558458875e-02
-4.4978203103756956e-02,-7.6271644321574211e-02
-4.3129997195728964e-02,-7.4606913993667201e-02
-4.1473161848628218e-02,-7.3113544845847880e-02
-4.0956280797271330e-02,-7.2647457157823350e-02
-3.9513144314677104e-02,-7.1345609768886292e-02
-3.3838206138949584e-02,-6.6218239713191102e-02
-1.9543697206955073e-02,-5.3235652562401502e-02
-1.7302140587234095e-02,-5.1189574621668475e-02
-1.0275953357642547e-02,-4.4755150085536509e-02
-9.6801177792970334e-03,-4.4207944722889622e-02
-9.2872441429015344e-03,-4.3846996997489757e-02
-8.5556955662945428e-03,-4.3174598143715492e-02
-5.5096962099200706e-03,-4.0370621735003373e-02
-4.6909856741826333e-03,-3.9615759691074656e-02
-3.9898918759282672e-03,-3.8968926626520517e-02
-1.3843229137822965e-03,-3.6561579512202777e-02
1.1082496200869561e-03,-3.4253409114308415e-02
1.4979331139170987e-03,-3.3892079641312918e-02
2.8548005997162305e-03,-3.2632915944526067e-02
4.1104494270018405e-03,-3.1466243334554701e-02
4.2395668064418857e-03,-3.1346195681538021e-02
4.3039360009761943e-03,-3.1286342638960678e-02
7.0836019044460772e-03,-2.8698100274483541e-02
8.4423120913412787e-03,-2.7430350835214914e-02
9.0737723732112925e-03,-2.6840568484313151e-02
1.3212771893167084e-02,-2.2965114624875410e-02
1.3384565048270727e-02,-2.2803890363487508e-02
1.6268379133584941e-02,-2.0092951688862243e-02
1.8323224105646307e-02,-1.8155939413319239e-02
2.4859563494691914e-02,-1.1963355047942662e-02
2.9795740360812083e-02,-7.2536993241830881e-03
3.1234692066519562e-02,-5.8751511967693685e-03
3.4996188356933904e-02,-2.2590936637790879e-03
3.5900198470704942e-02,-1.3872919094509288e-03
3.8143099156546768e-02,7.8040359241524342e-04
3.8457352493331300e-02,1.0846620187661170e-03
3.9892001093147264e-02,2.4753963352528137e-03
4.0797285061707877e-02,3.3544304122449672e-03
5.5860700557902557e-02,1.8156336530888623e-02
5.6214764554842159e-02,1.8508428216013978e-02
6.0388339079035895e-02,2.2674005583947533e-02
6.1989744543622320e-02,2.4279926081393663e-02
7.0229125375904006e-02,3.2611370643256851e-02
7.2301771843624643e-02,3.4725830640467623e-02
7.5642444944026846e-02,3.8150161514187500e-02
7.6459182522851263e-02,3.8990445346652851e-02
8.0247103715114079e-02,4.2903715396919541e-02
8.5134765008400323e-02,4.7993078406997389e-02
9.0132492903107958e-02,5.3244751236652822e-02
9.1192130882533723e-02,5.4364541886521636e-02
9.5864377911671586e-02,5.9328783059674269e-02
9.9654397442209580e-02,6.3388147453346033e-02
1.0260597647686510e-01,6.6569944755659832e-02
1.0558158479383349e-01,6.9795990627451718e-02
1.1313158672633714e-01,7.8065273176889396e-02
1.1447345604589977e-01,7.9547710489719967e-02
1.1610347074594457e-01,8.1353691079804794e-02
1.1718681754417244e-01,8.2557161920746483e-02
1.1883773305769665e-01,8.4396021325274365e-02
1.2046706824843176e-01,8.6216645831434097e-02
1.2171433209753815e-01,8.7614247764895584e-02
1.2471880884382851e-01,9.0994814400664453e-02
1.2966431485082541e-01,9.6602480509939109e-02
1.3174093551224395e-01,9.8973181583827285e-02
1.3229283007012779e-01,9.9604831322913853e-02
1.3338051747550270e-01,1.0085166842612948e-01
1.4301012429265558e-01,1.1200413923585299e-01
1.4420984357562702e-01,1.1340791143899362e-01
1.4579734646768200e-01,1.1527029022752164e-01
1.4706921040294857e-01,1.1676637273161444e-01
1.5222589718245635e-01,1.2286844408227306e-01
1.5240005870204226e-01,1.2307554861263087e-01
1.5364379856047633e-01,1.2455646219588409e-01
1.5839751650599909e-01,1.3024757065206002e-01
1.6177835422828959e-01,1.3432465852986211e-01
1.6597710377910829e-01,1.3942194685167655e-01
1.6646682718084480e-01,1.4001889330044595e-01
1.6912097468442952e-01,1.4326288030549375e-01
1.6916696596081524e-01,1.4331922186483229e-01
1.6993115112357032e-01,1.4425602517215511e-01
1.7018479705939518e-01,1.4456723307180311e-01
1.7085575132850925e-01,1.4539109378263515e-01
1.7732157207961088e-01,1.5337758749004546e-01
1.7833025650366044e-01,1.5463110708558131e-01
1.8200916097299158e-01,1.5922004923512054e-01
1.8335910359847124e-01,1.6091056524870223e-01
1.9043057880665479e-01,1.6982291853976247e-01
1.9071693313228971e-01,1.7018578972731849e-01
1.9266930916564151e-01,1.7266385977427368e-01
1.9418037087516485e-01,1.7458653007161745e-01
1.9441439563885834e-01,1.7488466894977123e-01
2.0031492490270639e-01,1.8243351159016147e-01
2.0287368039402168e-01,1.8572557428763042e-01
2.0490116233079844e-01,1.8834179831360040e-01
2.0499299251765127e-01,1.8846045276255796e-01
2.0504862144925279e-01,1.8853233780432169e-01
2.0552096303864667e-01,1.8914291046313189e-01
2.0883653697980406e-01,1.9343876919404243e-01
2.1008792448725702e-01,1.9506459843716900e-01
2.1073572774481239e-01,1.9590717815471939e-01
2.1183863187160623e-01,1.9734315151603296e-01
2.1248516863743933e-01,1.9818578280221041e-01
2.1267954047588036e-01,1.9843922863701177e-01
2.1613324543839602e-01,2.0295175563131160e-01
2.1752512208325120e-01,2.0477514139704228e-01
2.2483068065760597e-01,2.1438812842642285e-01
2.2564215694229062e-01,2.1546010011204650e-01
2.2678994524822052e-01,2.1697770202963107e-01
2.2692927091179668e-01,2.1716202503175042e-01
2.2804764044645037e-01,2.1864241344784313e-01
2.3571340736751015e-01,2.2882688977341478e-01
2.3665975187301180e-01,2.3008837934536661e-01
2.4074366640078107e-01,2.3554187361111839e-01
2.4079355243505782e-01,2.3560858153455372e-01
2.4417304265796719e-01,2.4013246182166839e-01
2.5007446921941190e-01,2.4805290230182059e-01
2.5253441054211256e-01,2.5136116977763867e-01
2.5880112475268374e-01,2.5980341316672412e-01
2.6556853664093938e-01,2.6893736681160152e-01
2.6609604760962485e-01,2.6964986203258662e-01
2.6611390531037976e-01,2.6967398300157136e-01
2.7297337484765527e-01,2.7894240937940556e-01
2.7306474840343919e-01,2.7906589403410836e-01
2.7382364647167556e-01,2.8009148880335616e-01
2.7607014465641339e-01,2.8312736016504864e-01
2.7678812548539034e-01,2.8409755493707378e-01
2.7925147970024022e-01,2.8742578501770566e-01
2.8058395997766128e-01,2.8922569372240325e-01
2.8297012039953917e-01,2.9244794896809168e-01
2.8338787503081919e-01,2.9301193250019142e-01
2.8729627302759980e-01,2.9828571825675154e-01
2.8800398273140659e-01,2.9924006738159831e-01
2.9736778698520921e-01,3.1184378192434903e-01
3.0185337759571296e-01,3.1786176102758229e-01
3.0281991285489651e-01,3.1915646008010845e-01
3.0285824868208105e-01,3.1920779608575306e-01
3.1087812556281863e-01,3.2991814048954166e-01
3.1120189419883154e-01,3.3034920268540741e-01
3.1187116795931552e-01,3.3123991443909828e-01
3.1746146084532728e-01,3.3866024952635781e-01
3.2149379757209845e-01,3.4398914688119114e-01
3.2551171474438040e-01,3.4927751653294581e-01
3.2706772631757675e-01,3.5131942323058579e-01
3.2926667717387675e-01,3.5419895437416798e-01
3.3173160699188164e-01,3.5741802012785912e-01
3.3406050145853011e-01,3.6045060271729729e-01
3.3603562791915081e-01,3.6301557349209990e-01
3.3627720293819630e-01,3.6332884415244981e-01
3.3775845359439927e-01,3.6524753777754626e-01
3.3960772467297817e-01,3.6763761679550955e-01
3.4359987803984182e-01,3.7277646832015232e-01
3.4497294397102557e-01,3.7453716922241126e-01
3.4499219551444804e-01,3.7456183053288605e-01
3.4616261140050991e-01,3.7605982460099913e-01
3.4826250535095216e-01,3.7874085975199534e-01
3.5035399051369948e-01,3.8140259422115558e-01
3.5196286858046244e-01,3.8344420274378410e-01
3.5330538065793127e-01,3.8514378531001103e-01
3.5774735848280764e-01,3.9074053602106118e-01
3.5863734156785909e-01,3.9185686030808825e-01
3.6417582616732469e-01,3.9876500528824704e-01
3.6826075285001203e-01,4.0381599161830012e-01
3.6954679642293659e-01,4.0539821252498404e-01
3.7126517229816242e-01,4.0750628380108905e-01
3.7194012375037383e-01,4.0833239396361215e-01
3.7239014697915185e-01,4.0888260059697173e-01
3.7980540833354831e-01,4.1787816638548647e-01
3.8087096281187810e-01,4.1915970570472005e-01
3.8164965600656930e-01,4.2009444516777811e-01
3.8513423948985148e-01,4.2425862034763906e-01
3.9027297550396883e-01,4.3034299527963926e-01
3.9220622751583517e-01,4.3261430878898599e-01
3.9602368449604153e-01,4.3707052445828209e-01
3.9805794301322023e-01,4.3942942872798513e-01
3.9846290766111125e-01,4.3989770751734303e-01
3.9875568701659048e-01,4.4023598912824735e-01
4.0065733624621702e-01,4.4242760571348294e-01
4.0640403401449315e-01,4.4899147757555019e-01
4.0854160184188038e-01,4.5141019667239407e-01
4.1157246538786435e-01,4.5481837802521385e-01
4.1257097030079543e-01,4.5593569622192476e-01
4.1430113336831748e-01,4.5786527508946917e-01
4.2332833843847872e-01,4.6779973887128118e-01
4.3324236298083590e-01,4.7845238591282097e-01
4.3657618787187435e-01,4.8197419989464385e-01
4.3905423106545388e-01,4.8457240283420000e-01
4.4380643610727710e-01,4.8950861859454636e-01
4.5328606584657360e-01,4.9917521551145289e-01
4.5575682692866465e-01,5.0165586646743676e-01
4.5837654148180129e-01,5.0426878731399305e-01
4.5873991242725443e-01,5.0462982009099366e-01
4.5972929076949570e-01,5.0561111721849805e-01
4.6120347219321534e-01,5.0706861961158900e-01
4.6682410601013175e-01,5.1257527366965516e-01
4.6963997801674706e-01,5.1530443816463289e-01
4.7161061528792425e-01,5.1720282057003408e-01
4.7183448811442047e-01,5.1741788669920230e-01
4.7272457124984840e-01,5.1827175530107317e-01
4.7404508798812178e-01,5.1953502243085514e-01
4.7509966784799657e-01,5.2054087654600045e-01
4.7742983190425736e-01,5.2275398971906051e-01
4.7849070970254587e-01,5.2375732773287453e-01
4.8264105409076158e-01,5.2765737017166892e-01
4.8290457105138501e-01,5.2790365368171788e-01
4.8537776995970222e-01,5.3020740984193560e-01
4.8671659853879540e-01,5.3144875368067512e-01
4.8766248162772646e-01,5.3232334835224993e-01
4.8920508847821936e-01,5.3374543708170497e-01
4.9218292376086475e-01,5.3647587191469293e-01
4.9285608546165138e-01,5.3709044334232425e-01
4.9761147587816690e-01,5.4140448161136367e-01
5.0536739334498904e-01,5.4834048789953505e-01
5.0558346103824459e-01,5.4853199197944102e-01
5.0659389836522595e-01,5.4942634645305077e-01
5.0700328248045723e-01,5.4978813319693554e-01
5.0947331826625364e-01,5.5196413605674366e-01
5.1116388048132011e-01,5.5344675754281047e-01
5.1207601862224883e-01,5.5424447229904483e-01
5.1741579058054032e-01,5.5888370765883622e-01
5.2086731121076735e-01,5.6185526400611452e-01
5.2758226097435246e-01,5.6757799514907847e-01
5.3296228982019533e-01,5.7210983080416511e-01
5.3902673971128456e-01,5.7716443039010923e-01
5.3960943063853017e-01,5.7764720038762551e-01
5.4080178411856161e-01,5.7863354428451852e-01
5.4229713589771578e-01,5.7986763623614979e-01
5.4346351199379506e-01,5.8082801588166943e-01
5.4380519227366630e-01,5.8110898708603109e-01
5.4707034662528253e-01,5.8378579715449763e-01
5.4963161128774507e-01,5.8587535489964160e-01
5.4993207639655928e-01,5.8611990690124849e-01
5.5186518752755009e-01,5.8769043468916438e-01
5.5512039858230622e-01,5.9032410283734083e-01
5.5615246314010747e-01,5.9115628325310110e-01
5.5911779594763344e-01,5.9353990235026866e-01
5.6355301291782711e-01,5.9708503814663316e-01
5.6465312994332040e-01,5.9796075189050379e-01
5.6837550723074270e-01,6.0091340860904918e-01
5.6947058598260569e-01,6.0177902811502459e-01
5.7252341409825469e-01,6.0418507719356640e-01
5.7263502977116021e-01,6.0427284974162165e-01
5.7754634892123091e-01,6.0812158837325059e-01
5.7771011416525553e-01,6.0824947504865812e-01
5.8044172004957095e-01,6.1037843609564990e-01
5.8290736777864716e-01,6.1229339750242817e-01
5.8650706690790022e-01,6.1507786118007213e-01
5.8987538336540934e-01,6.1767141180003848e-01
5.9323255251424456e-01,6.2024505730331525e-01
5.9370274576625870e-01,6.2060461786993260e-01
5.9485542702698124e-01,6.2148515645589675e-01
6.0722886215625860e-01,6.3085508941329915e-01
6.1510168414302624e-01,6.3673875454716244e-01
6.1670722605148764e-01,6.3793111017021675e-01
6.2114092838128709e-01,6.4121036855879543e-01
6.2278612675736378e-01,6.4242212390186237e-01
6.3274965177888653e-01,6.4970046691725314e-01
6.3516912473122455e-01,6.5145185502678205e-01
6.4777153379880348e-01,6.6046682929675671e-01
6.5056766712484015e-01,6.6244132978824377e-01
6.5383510180801774e-01,6.6473616912020272e-01
6.5487829781437956e-01,6.6546595104329742e-01
6.5534110559695447e-01,6.6578925941526257e-01
6.5555241129966568e-01,6.6593677992319711e-01
6.5613982410631888e-01,6.6634656585007646e-01
6.6129886610782340e-01,6.6992566377526264e-01
6.6517449091279901e-01,6.7259014089152847e-01
6.6763602573481540e-01,6.7427122961791652e-01
6.7460165520031157e-01,6.7897911432464952e-01
6.7967905353396108e-01,6.8236274990603130e-01
6.8119942032899705e-01,6.8336771284804154e-01
6.8150130747969884e-01,6.8356679924331043e-01
6.8164224989838340e-01,6.8365969442160279e-01
6.8199403786594959e-01,6.8389141116016250e-01
6.8722306017663659e-01,6.8731057360409242e-01
6.9267813336026973e-01,6.9082568710331838e-01
6.9560637088907862e-01,6.9268982846818539e-01
6.9674048328702565e-01,6.9340742740447958e-01
6.9711630358381738e-01,6.9364467684622744e-01
6.9901592306849314e-01,6.9483966977049938e-01
7.0130415717349193e-01,6.9626968134388589e-01
7.0486158742597693e-01,6.9847193024644194e-01
7.0541272607238270e-01,6.9881079732626838e-01
7.0892482318389438e-01,7.0095530465548828e-01
7.1122579727602353e-01,7.0234609927075542e-01
7.1124224085158017e-01,7.0235599739564403e-01
7.1136106560496226e-01,7.0242750569969292e-01
7.1177635202991663e-01,7.0267718294425219e-01
7.2058417091103144e-01,7.0788256706475849e-01
7.2505159262236418e-01,7.1045504071351973e-01
7.2552791162585417e-01,7.1072655064782697e-01
7.2747855663274119e-01,7.1183280870313825e-01
7.2823557358705848e-01,7.1225967375533472e-01
7.2920622600158613e-01,7.1280497831297218e-01
7.3596239235367078e-01,7.1653655014043638e-01
7.4274718666213524e-01,7.2016861276522059e-01
7.4571192871865433e-01,7.2171853553699605e-01
7.4868455557444868e-01,7.2324950637063767e-01
7.4942986192053729e-01,7.2362970556760875e-01
7.5616777805208879e-01,7.2699973710721477e-01
7.5952346773157953e-01,7.2863257812790483e-01
7.6145206453720415e-01,7.2955718631996624e-01
7.6371412974454600e-01,7.3062874772828246e-01
7.6476973767767908e-01,7.3112401419138207e-01
7.6622533623274280e-01,7.3180194239325991e-01
7.7883933279643280e-01,7.3743294665216574e-01
7.7887544799977138e-01,7.3744844078724059e-01
7.7923114595029697e-01,7.3760085039636036e-01
7.7958954036156358e-01,7.3775406417324729e-01
7.8028643508027051e-01,7.3805097830403321e-01
7.8562181445257862e-01,7.4028010231138808e-01
7.8705172882821450e-01,7.4086433623776926e-01
8.0025968623625532e-01,7.4600146296724901e-01
8.0337221149830684e-01,7.4714526314254637e-01
8.0358719826539482e-01,7.4722334848049166e-01
8.0570586872118077e-01,7.4798658110889582e-01
8.0640878722070886e-01,7.4823729246904180e-01
8.0736904709259616e-01,7.4857778471969527e-01
8.0871929005580334e-01,7.4905266447228558e-01
8.0943972361138727e-01,7.4930419016029426e-01
8.2407069922171228e-01,7.5414482012663375e-01
8.2695501405490379e-01,7.5504200827215584e-01
8.2919950132016418e-01,7.5572802197939593e-01
8.3414376538309087e-01,7.5720321088074782e-01
8.3659980678974111e-01,7.5791838689048541e-01
8.3902550040046187e-01,7.5861379901633574e-01
8.4900203358150317e-01,7.6136916227973894e-01
8.5061326431027118e-01,7.6179976893195089e-01
8.5622924148161605e-01,7.6327340966909130e-01
8.5707876250160875e-01,7.6349290841559070e-01
8.6836440922472957e-01,7.6633928939512219e-01
8.6968259872784348e-01,7.6666481191861946e-01
8.7011566715826394e-01,7.6677150825698870e-01
8.7253128540184244e-01,7.6736460295494213e-01
8.7348848277297186e-01,7.6759874643162418e-01
8.7611314081763814e-01,7.6823864456055269e-01
8.7778511924809111e-01,7.6864492970214116e-01
8.7854626040981587e-01,7.6882960707097814e-01
8.8147122179442761e-01,7.6953811994348931e-01
8.8398499626276761e-01,7.7014618757830067e-01
8.8481593513502588e-01,7.7034715037366663e-01
8.8711458504810270e-01,7.7090330216456371e-01
8.8766059018033605e-01,7.7103549960294360e-01
8.8797565856204475e-01,7.7111180615319685e-01
8.9315198064113421e-01,7.7236925312413607e-01
8.9336315113568243e-01,7.7242075513581610e-01
9.0752694151251967e-01,7.7594423900319731e-01
9.3439483767375986e-01,7.8338322906263091e-01
9.3668202878980122e-01,7.8408644369132008e-01
9.4085580235816924e-01,7.8540541925600638e-01
9.4284697997078537e-01,7.8605175283421891e-01
9.4432103034647163e-01,7.8653764893799560e-01
9.4548376606998108e-01,7.8692549102524778e-01
9.4640053037363991e-01,7.8723417864233147e-01
9.4906663781880984e-01,7.8814673325799112e-01
9.5278670571577750e-01,7.8945825884901699e-01
9.5585031402206500e-01,7.9057324748723723e-01
9.5923226790070182e-01,7.9184231452093412e-01
9.6230153234667082e-01,7.9303009084032139e-01
9.7099922712651288e-01,7.9659277984925791e-01
9.7269115770742864e-01,7.9732113176250885e-01
9.8383869434712512e-01,8.0242573744222945e-01
9.8739350329079945e-01,8.0416974503233030e-01
9.9111514587291805e-01,8.0605822588424736e-01
9.9280399401703379e-01,8.0693668445540345e-01
9.9675783821110420e-01,8.0904656157354382e-01
9.9772577932135564e-01,8.0957457159376967e-01
9.9773180335321687e-01,8.0957787196211028e-01
1.0013605221535586e+00,8.1159814662974505e-01
1.0052440697107656e+00,8.1383223177086961e-01
1.0069736258647468e+00,8.1485136716079509e-01
1.0075116483025188e+00,8.1517145061795848e-01
1.0082490364775143e+00,8.1561250347983916e-01
1.0126026464017901e+00,8.1827240751650088e-01
1.0199380833781475e+00,8.2297184384223843e-01
1.0204349633529235e+00,8.2330009980328656e-01
1.0213844934016501e+00,8.2393090293384164e-01
1.0272448459344872e+00,8.2792616374619132e-01
1.0312781736450192e+00,8.3077773638301078e-01
1.0458226500449019e+00,8.4174208025014119e-01
1.0561351785495416e+00,8.5014356504378996e-01
1.0573293257158358e+00,8.5114873080073750e-01
1.0705197114578766e+00,8.6267361669118603e-01
1.0742698146001990e+00,8.6608433174737121e-01
1.0775955718597041e+00,8.6915544948660628e-01
1.0823390244647539e+00,8.7360752445162027e-01
1.1008976387334830e+00,8.9173454303060162e-01
1.1056880185067046e+00,8.9656543377374753e-01
1.1068526939660881e+00,8.9774753044822975e-01
1.1076735612100597e+00,8.9858232727500353e-01
1.1184303943665173e+00,9.0962868955489129e-01
1.1209300306070573e+00,9.1221825829775871e-01
1.1313026082988271e+00,9.2301417532543939e-01
1.1343322161705223e+00,9.2617390651147891e-01
1.1365978313525891e+00,9.2853612643887806e-01
1.1412121511237592e+00,9.3334084890349889e-01
1.1415950254862988e+00,9.3373893908163685e-01
1.1501074694883733e+00,9.4255167754822256e-01
1.1503491328756801e+00,9.4280051925664088e-01
1.1510232262023208e+00,9.4349415693963468e-01
1.1592327739216766e+00,9.5187513965022885e-01
1.1714313574832593e+00,9.6402216212463898e-01
1.1805953545557806e+00,9.7281930759275415e-01
1.1838666723319691e+00,9.7587648592893306e-01
1.1860387472646035e+00,9.7787964854425480e-01
1.1869570997348926e+00,9.7871990503060025e-01
1.1901560146280288e+00,9.8161458600069762e-01
1.1914717466072244e+00,9.8279019774802256e-01
1.1977278312326960e+00,9.8825326505124356e-01
1.2032511780755084e+00,9.9289048923749434e-01
1.2129203656877556e+00,1.0005460463477938e+00
1.2144877615568475e+00,1.0017277704656660e+00
1.2159858745441023e+00,1.0028410776656032e+00
1.2171156227080271e+00,1.0036700267947403e+00
1.2189834466085974e+00,1.0050202244824591e+00
1.2329049254952160e+00,1.0142440325962039e+00
1.2334237073694183e+00,1.0145578253195806e+00
1.2524628191385441e+00,1.0244680144894647e+00
1.2589567237563486e+00,1.0270991171719879e+00
1.2614956206437877e+00,1.0280199132468912e+00
1.2694894310748883e+00,1.0305158940188472e+00
1.2696342302206975e+00,1.0305554107004988e+00
1.2916189958719049e+00,1.0341671443630058e+00
1.2985675550285813e+00,1.0343183047693825e+00
1.3127866592456854e+00,1.0331666377527502e+00
1.3187757205963240e+00,1.0321081248476141e+00
1.3270518255562753e+00,1.0301066436381230e+00
1.3411647362085091e+00,1.0253261683862671e+00
1.3452388507093198e+00,1.0236448911156986e+00
1.3498588654569887e+00,1.0215854387650611e+00
1.3501046393222660e+00,1.0214714611916429e+00
1.3526869601680376e+00,1.0202476220211714e+00
1.3779599958028279e+00,1.0060168337884363e+00
1.3809771318408075e+00,1.0040851761923921e+00
1.3913169323329906e+00,9.9717762767758278e-01
1.4010376758567773e+00,9.9035814111896581e-01
1.4019238638879978e+00,9.8972438303236610e-01
1.4084595969334655e+00,9.8500379676146921e-01
1.4287230348009878e+00,9.7013617836932931e-01
1.4297781398341300e+00,9.6936455926667031e-01
1.4333142872193889e+00,9.6678814113741329e-01
1.4334594566038334e+00,9.6668273741167376e-01
1.4750243286952116e+00,9.3914678379685834e-01
1.4787144518466888e+00,9.3708949428169552e-01
1.4824812921181294e+00,9.3507673944737169e-01
1.4913259577437239e+00,9.3072283317746762e-01
1.4913343579304021e+00,9.3071895863293141e-01
1.4998439898001492e+00,9.2706330423571848e-01
1.5199620050761031e+00,9.2073252223386304e-01
1.5232323830321008e+00,9.2003149877552193e-01
1.5290413358843227e+00,9.1902252565196774e-01
1.5380900683039167e+00,9.1806305330773308e-01
1.5463323051969577e+00,9.1784624542243609e-01
1.5474729643885885e+00,9.1786577224304589e-01
1.5494526812461060e+00,9.1792822247812367e-01
1.5616785424856612e+00,9.1911157296951118e-01
1.5634278499192555e+00,9.1939196372486021e-01
1.5691289281643646e+00,9.2049496777954321e-01
1.5785738661408997e+00,9.2294391921135133e-01
1.6088517406575100e+00,9.3550348307466358e-01
1.6163861170474088e+00,9.3957307892176922e-01
1.6244890529847673e+00,9.4427742811613746e-01
1.6269079901452403e+00,9.4573916826984072e-01
1.6395851490867199e+00,9.5374342811176382e-01
1.6440384186645267e+00,9.5666095727239964e-01
1.6571090754048878e+00,9.6538895586100160e-01
1.6592932026579381e+00,9.6685624482450583e-01
1.6603680403886032e+00,9.6757789427337004e-01
1.6654810331778374e+00,9.7100057624179270e-01
1.6660401308803556e+00,9.7137330017481383e-01
1.6750835960706982e+00,9.7732865078269449e-01
1.6846341825581730e+00,9.8338339887769988e-01
1.7063148496846234e+00,9.9555419264741418e-01
1.7085717659391639e+00,9.9665074691250843e-01
1.7156371329134326e+00,9.9982622021827383e-01
1.7157748825036168e+00,9.9988403170517115e-01
1.7211663374175765e+00,1.0020148412327414e+00
1.7468341623058690e+00,1.0080819876089995e+00
1.7476200897099448e+00,1.0081475975501717e+00
1.7536360387174372e+00,1.0083877681331304e+00
1.7670571220833216e+00,1.0071639799558798e+00
1.7720948045582083e+00,1.0060423305700308e+00
1.7828390234907001e+00,1.0023770533863334e+00
1.7974797655361077e+00,9.9447664220062204e-01
1.8167519385551578e+00,9.7877561339927077e-01
1.8180779167916552e+00,9.7747091950280118e-01
1.8222180204770002e+00,9.7321142591696908e-01
1.8302983432368864e+00,9.6409100687293192e-01
1.8784983242682693e+00,8.8882411017843199e-01
1.8868815287492260e+00,8.7250192801619675e-01
1.8978651631095764e+00,8.4994726449176217e-01
1.9180387138735917e+00,8.0570264468302932e-01
1.9392965508991182e+00,7.5647719706309047e-01
1.9457101130445309e+00,7.4137358296675082e-01
1.9536673667015190e+00,7.2261179337978565e-01
1.9578100643840148e+00,7.1286691606656782e-01
1.9611809965672109e+00,7.0496309661872802e-01
1.9826053115106255e+00,6.5582774537038990e-01
2.0311604920838011e+00,5.6057298916202991e-01
2.0913706001254582e+00,5.0178084612050122e-01
2.1524195863746143e+00,5.3814836818021061e-01
2.1746460986836813e+00,5.7761691955620675e-01
2.1765772001769217e+00,5.8169037935940704e-01
2.2159964774423275e+00,6.8581482629853652e-01
2.4001640305098371e+00,1.4292704240832157e+00
2.4918581747321293e+00,1.6824152957986604e+00
2.6246391754020508e+00,1.6621223267883545e+00
2.9621556366472248e+00,5.5599751863238134e-01
3.2074358217763561e+00,1.1590838098132607e-01
3.3088810801939532e+00,5.1407744944187587e-02
